{
    "packageDirectories": [
        {
            "path": "force-app",
            "default": true,
            "package": "dreamhouse",
            "versionNumber": "3.0.0.NEXT",
            "versionName": "Winter '19"
        }
    ],
    "namespace": "",
    "sfdcLoginUrl": "https://login.salesforce.com",
    "sourceApiVersion": "44.0",
    "packageAliases": {
        "dreamhouse": "0Ho1I000000XZDVSA4",
        "dreamhouse@2.0.0-4": "04t1I0000036seVQAQ",
        "dreamhouse@3.0.0-5": "04t1I0000036u98QAA"
    }
}
